{"id":70814,"payTaskId":null,"name":"XIAONIAO/QIFEI","sex":"M","birthday":"2010-02-23","nationality":"CN","cardNum":"EC4562256","cardExpired":"20280210","cardIssuePlace":"CN","baggageWeight":12,"baggageWeightStr":null,"payPaymentInfoVo":{"name":"FR官网支付","airline":"FR","cardVO":{"id":null,"name":"VCC","bankName":"VCC","cardNumber":"5533972067863170","cardExpired":"2020-01","cvv":"389","firstName":"YIXIN","lastName":"YAO","linkPhone":null,"type":"CREDIT","cardPassword":null},"agentAccountVo":null},"contactVO":{"airline":"FR","linkEmail":"2100193722@qq.com","linkEmailPassword":"qiuyingqi123","linkPhone":"17710407835"},"memberVO":null,"promoVO":null,"pnrVO":{"id":null,"payTaskId":13782,"status":null,"errorMessage":null,"accountUsername":"lc2224268262@163.com","accountPassword":"Qq123456","linkEmailPassword":"qiuyingqi123","nameList":["YAO/YIXIN","LU/JIANAN"],"accountType":null,"pnr":null,"sourceCur":"USD","targetCur":"USD","price":null,"baggagePrice":null,"linkEmail":"2100193722@qq.com","linkPhone":"17710407835","cardNumber":"5533972067863170","cardName":"VCC-VCC","verifyPnrPrice":null,"verifyPnrCur":null,"verifyPnrBaggagePrice":null,"promo":null,"machineCode":null,"clientType":null,"accountCost":null,"accountCostCur":null,"checkStatus":true,"createTaskStatus":true,"creditEmailCur":null,"creditEmailCost":null},"segmentVOList":[{"id":45734,"tripId":"44470","depAirport":"BOD","arrAirport":"SVQ","depDate":"201812201320","arrDate":"201812201505","flightNumber":"FR7339","cabin":"Y","segmentIndex":1,"updateTime":1544485316000,"createTime":1544485316000}]}